signal_date,exec_date,gate_on,rs_pass_count,top_n,picks,top_pct
2015-01-31,2015-02-02,True,74,3,"EA,AAL,MAR",5%
2015-02-28,2015-03-02,True,74,3,"EA,AAPL,MNST",5%
2015-03-31,2015-04-01,True,73,3,"MNST,EA,AAPL",5%
2015-04-30,2015-05-01,True,73,3,"EA,MNST,VRTX",5%
2015-05-31,2015-06-01,True,73,3,"MNST,VRTX,EA",5%
2015-06-30,2015-07-01,True,73,3,"REGN,MNST,EA",5%
2015-07-31,2015-08-03,True,75,3,"BMRN,MNST,EA",5%
2015-08-31,2015-09-01,True,76,3,"BMRN,EA,MNST",5%
2015-09-30,2015-10-01,True,76,3,"EA,BMRN,NFLX",5%
2015-10-31,2015-11-02,True,77,3,"NFLX,AMZN,EA",5%
2015-11-30,2015-12-01,True,77,3,"NFLX,AMZN,TCOM",5%
2015-12-31,2016-01-04,True,76,3,"NFLX,TCOM,AMZN",5%
2016-01-31,2016-02-01,True,76,3,"TCOM,AMZN,NFLX",5%
2016-02-29,2016-03-01,False,0,0,,5%
2016-03-31,2016-04-01,False,0,0,,5%
2016-04-30,2016-05-02,True,78,3,"NVDA,META,AMZN",5%
2016-05-31,2016-06-01,False,0,0,,5%
2016-06-30,2016-07-01,True,79,3,"NVDA,AMZN,ULTA",5%
2016-07-31,2016-08-01,False,0,0,,5%
2016-08-31,2016-09-01,True,82,4,"NVDA,NTES,AMAT,ULTA",5%
2016-09-30,2016-10-03,True,82,4,"NVDA,AMAT,NTES,MAT",5%
2016-10-31,2016-11-01,True,82,4,"NVDA,AMAT,NTES,ISRG",5%
2016-11-30,2016-12-01,True,82,4,"NVDA,AMAT,NTES,ULTA",5%
2016-12-31,2017-01-03,True,84,4,"NVDA,AMAT,CHTR,MCHP",5%
2017-01-31,2017-02-01,True,84,4,"NVDA,MU,AMAT,CHTR",5%
2017-02-28,2017-03-01,True,84,4,"NVDA,MU,CSX,NTES",5%
2017-03-31,2017-04-03,True,84,4,"NVDA,MU,NTES,CSX",5%
2017-04-30,2017-05-01,True,84,4,"NVDA,MU,STX,WDC",5%
2017-05-31,2017-06-01,True,84,4,"NVDA,MU,WDC,STX",5%
2017-06-30,2017-07-03,True,85,4,"NVDA,MU,CSX,ADSK",5%
2017-07-31,2017-08-01,True,85,4,"NVDA,MU,CSX,WDC",5%
2017-08-31,2017-09-01,True,85,4,"NVDA,WDC,NFLX,JD",5%
2017-09-30,2017-10-02,True,85,4,"NVDA,VRTX,MU,NFLX",5%
2017-10-31,2017-11-01,True,85,4,"NVDA,MU,ALGN,VRTX",5%
2017-11-30,2017-12-01,True,85,4,"ALGN,MU,NVDA,LRCX",5%
2017-12-31,2018-01-02,True,87,4,"ALGN,TTWO,VRTX,MU",5%
2018-01-31,2018-02-01,True,87,4,"ALGN,TTWO,PYPL,NVDA",5%
2018-02-28,2018-03-01,True,87,4,"ALGN,NVDA,TTWO,PYPL",5%
2018-03-31,2018-04-02,True,87,4,"ALGN,NVDA,NFLX,TTWO",5%
2018-04-30,2018-05-01,True,87,4,"NVDA,NFLX,MU,ALGN",5%
2018-05-31,2018-06-01,True,87,4,"NFLX,ALGN,AMZN,ADBE",5%
2018-06-30,2018-07-02,True,87,4,"NFLX,ALGN,MU,ADBE",5%
2018-07-31,2018-08-01,True,88,4,"NFLX,ALGN,MU,STX",5%
2018-08-31,2018-09-04,True,88,4,"ALGN,NFLX,AMZN,STX",5%
2018-09-30,2018-10-01,True,88,4,"AMZN,ALGN,NFLX,ILMN",5%
2018-10-31,2018-11-01,True,88,4,"NFLX,AMZN,ILMN,ORLY",5%
2018-11-30,2018-12-03,True,89,4,"NFLX,ESRX,AMZN,ORLY",5%
2018-12-31,2019-01-02,True,90,4,"AMD,LULU,WDAY,ILMN",5%
2019-01-31,2019-02-01,False,0,0,,5%
2019-02-28,2019-03-01,True,90,4,"AMD,LULU,VRSN,ULTA",5%
2019-03-31,2019-04-01,True,90,4,"AMD,LULU,WDAY,CDNS",5%
2019-04-30,2019-05-01,True,90,4,"AMD,LULU,CDNS,VRSN",5%
2019-05-31,2019-06-03,True,90,4,"AMD,LULU,MELI,CDNS",5%
2019-06-30,2019-07-01,True,90,4,"MELI,AMD,WDAY,SBUX",5%
2019-07-31,2019-08-01,True,90,4,"MELI,WDAY,AMD,SBUX",5%
2019-08-31,2019-09-03,True,90,4,"MELI,SBUX,CDNS,AVGO",5%
2019-09-30,2019-10-01,True,90,4,"MELI,SBUX,CDNS,KLAC",5%
2019-10-31,2019-11-01,True,90,4,"KLAC,MELI,LRCX,AMD",5%
2019-11-30,2019-12-02,True,91,4,"LRCX,KLAC,AMD,ASML",5%
2019-12-31,2020-01-02,True,90,4,"AMD,LRCX,MELI,KLAC",5%
2020-01-31,2020-02-03,True,90,4,"AMD,QCOM,CPRT,AAPL",5%
2020-02-29,2020-03-02,True,90,4,"TSLA,AMD,AAPL,LRCX",5%
2020-03-31,2020-04-01,True,92,4,"TSLA,AMD,LRCX,NVDA",5%
2020-04-30,2020-05-01,True,92,4,"DXCM,TSLA,ZM,AMD",5%
2020-05-31,2020-06-01,True,92,4,"TSLA,DXCM,NVDA,AMD",5%
2020-06-30,2020-07-01,True,92,4,"TSLA,DOCU,DXCM,NVDA",5%
2020-07-31,2020-08-03,True,92,4,"MRNA,TSLA,DOCU,ZM",5%
2020-08-31,2020-09-01,True,92,4,"TSLA,MRNA,DOCU,PDD",5%
2020-09-30,2020-10-01,True,92,4,"TSLA,ZM,MRNA,DOCU",5%
2020-10-31,2020-11-02,True,92,4,"TSLA,ZM,MRNA,DOCU",5%
2020-11-30,2020-12-01,True,92,4,"ZM,TSLA,MRNA,DOCU",5%
2020-12-31,2021-01-04,True,92,4,"MRNA,ZM,TSLA,PTON",5%
2021-01-31,2021-02-01,True,92,4,"TSLA,MRNA,PDD,PTON",5%
2021-02-28,2021-03-01,True,92,4,"MRNA,TSLA,PTON,PDD",5%
2021-03-31,2021-04-01,True,92,4,"TSLA,MRNA,PDD,PTON",5%
2021-04-30,2021-05-03,True,92,4,"TSLA,PTON,MRNA,PDD",5%
2021-05-31,2021-06-01,True,92,4,"TSLA,MRNA,ALGN,AMAT",5%
2021-06-30,2021-07-01,True,92,4,"TSLA,MRNA,AMAT,ALGN",5%
2021-07-31,2021-08-02,True,93,4,"MRNA,TSLA,AMAT,ALGN",5%
2021-08-31,2021-09-01,True,94,4,"MRNA,ALGN,AMAT,ASML",5%
2021-09-30,2021-10-01,True,94,4,"MRNA,AMAT,ASML,ALGN",5%
2021-10-31,2021-11-01,True,94,4,"MRNA,AMAT,ASML,TEAM",5%
2021-11-30,2021-12-01,True,94,4,"MRNA,TEAM,TSLA,DXCM",5%
2021-12-31,2022-01-03,True,94,4,"LCID,MRNA,NVDA,FTNT",5%
2022-01-31,2022-02-01,True,94,4,"FTNT,NVDA,ODFL,INTU",5%
2022-02-28,2022-03-01,True,95,4,"NVDA,FTNT,EXC,COST",5%
2022-03-31,2022-04-01,True,95,4,"DDOG,FTNT,PANW,NVDA",5%
2022-04-30,2022-05-02,True,95,4,"NVDA,DDOG,PANW,FTNT",5%
2022-05-31,2022-06-01,False,0,0,,5%
2022-06-30,2022-07-01,False,0,0,,5%
2022-07-31,2022-08-01,False,0,0,,5%
2022-08-31,2022-09-01,False,0,0,,5%
2022-09-30,2022-10-03,False,0,0,,5%
2022-10-31,2022-11-01,False,0,0,,5%
2022-11-30,2022-12-01,False,0,0,,5%
2022-12-31,2023-01-03,False,0,0,,5%
2023-01-31,2023-02-01,False,0,0,,5%
2023-02-28,2023-03-01,False,0,0,,5%
2023-03-31,2023-04-03,False,0,0,,5%
2023-04-30,2023-05-01,True,96,4,"NFLX,PDD,NVDA,GILD",5%
2023-05-31,2023-06-01,True,96,4,"NFLX,DXCM,MELI,BIIB",5%
2023-06-30,2023-07-03,True,96,4,"NVDA,NFLX,MELI,AVGO",5%
2023-07-31,2023-08-01,True,97,4,"NVDA,NFLX,META,TTD",5%
2023-08-31,2023-09-01,True,97,4,"NVDA,NFLX,META,AVGO",5%
2023-09-30,2023-10-02,True,97,4,"NVDA,META,AVGO,ADBE",5%
2023-10-31,2023-11-01,True,97,4,"NVDA,META,AVGO,PDD",5%
2023-11-30,2023-12-01,True,97,4,"META,NVDA,AVGO,ADBE",5%
2023-12-31,2024-01-02,True,98,4,"NVDA,META,CRWD,PANW",5%
2024-01-31,2024-02-01,True,98,4,"NVDA,CRWD,META,AMD",5%
2024-02-29,2024-03-01,True,98,4,"NVDA,CRWD,META,AMD",5%
2024-03-31,2024-04-01,True,99,4,"NVDA,CRWD,META,CEG",5%
2024-04-30,2024-05-01,True,99,4,"NVDA,CRWD,CEG,DASH",5%
2024-05-31,2024-06-03,True,99,4,"NVDA,CEG,DASH,PDD",5%
2024-06-30,2024-07-01,True,98,4,"NVDA,CEG,PDD,CRWD",5%
2024-07-31,2024-08-01,True,99,4,"NVDA,SMCI,CRWD,CEG",5%
2024-08-31,2024-09-03,True,99,4,"SMCI,NVDA,CEG,AVGO",5%
2024-09-30,2024-10-01,True,100,5,"NVDA,ARM,AVGO,NFLX,CEG",5%
2024-10-31,2024-11-01,True,100,5,"NVDA,ARM,CEG,AVGO,META",5%
2024-11-30,2024-12-02,True,100,5,"APP,NVDA,ARM,CEG,AVGO",5%
2024-12-31,2025-01-02,True,100,5,"APP,MSTR,PLTR,NVDA,AXON",5%
2025-01-31,2025-02-03,True,100,5,"APP,MSTR,PLTR,AXON,NVDA",5%
2025-02-28,2025-03-03,True,100,5,"APP,PLTR,MSTR,AXON,TSLA",5%
2025-03-31,2025-04-01,True,100,5,"APP,PLTR,AXON,TMUS,TSLA",5%
2025-04-30,2025-05-01,True,100,5,"PLTR,APP,MSTR,GILD,NFLX",5%
2025-05-31,2025-06-02,True,100,5,"PLTR,APP,MSTR,AXON,NFLX",5%
2025-06-30,2025-07-01,True,100,5,"PLTR,APP,MSTR,AXON,DASH",5%
2025-07-31,2025-08-01,True,101,5,"PLTR,APP,AXON,MSTR,DASH",5%
2025-08-31,2025-09-02,True,101,5,"PLTR,APP,MSTR,AXON,DASH",5%
2025-09-30,2025-10-01,True,101,5,"PLTR,APP,MSTR,AXON,SHOP",5%
2025-10-31,2025-11-03,True,101,5,"PLTR,APP,WBD,AVGO,SHOP",5%
2025-11-30,2025-12-01,True,101,5,"PLTR,AVGO,MU,LRCX,WBD",5%
2025-12-31,2026-01-02,True,101,5,"WDC,STX,INSM,MU,WBD",5%
2026-01-31,2026-02-02,True,101,5,"WDC,MU,STX,WBD,INSM",5%
2026-02-28,2026-03-02,True,101,5,"WDC,MU,STX,LRCX,WBD",5%
2015-01-31,2015-02-02,True,74,7,"EA,AAL,MAR,MNST,NXPI,LRCX,AAPL",10%
2015-02-28,2015-03-02,True,74,7,"EA,AAPL,MNST,LRCX,NXPI,CHRW,MAR",10%
2015-03-31,2015-04-01,True,73,7,"MNST,EA,AAPL,VRTX,DLTR,LRCX,MAR",10%
2015-04-30,2015-05-01,True,73,7,"EA,MNST,VRTX,NXPI,ROST,DLTR,REGN",10%
2015-05-31,2015-06-01,True,73,7,"MNST,VRTX,EA,NXPI,REGN,ORLY,ROST",10%
2015-06-30,2015-07-01,True,73,7,"REGN,MNST,EA,NXPI,ROST,ORLY,TSCO",10%
2015-07-31,2015-08-03,True,75,7,"BMRN,MNST,EA,REGN,NXPI,NFLX,ROST",10%
2015-08-31,2015-09-01,True,76,7,"BMRN,EA,MNST,SWKS,NFLX,AMZN,REGN",10%
2015-09-30,2015-10-01,True,76,7,"EA,BMRN,NFLX,ORLY,AMZN,SWKS,MNST",10%
2015-10-31,2015-11-02,True,77,7,"NFLX,AMZN,EA,INCY,SBUX,SWKS,ORLY",10%
2015-11-30,2015-12-01,True,77,7,"NFLX,AMZN,TCOM,EA,SBUX,INCY,ORLY",10%
2015-12-31,2016-01-04,True,76,7,"NFLX,TCOM,AMZN,NVDA,INCY,SBUX,EXPE",10%
2016-01-31,2016-02-01,True,76,7,"TCOM,AMZN,NFLX,NVDA,EXPE,GOOGL,GOOG",10%
2016-02-29,2016-03-01,False,0,0,,10%
2016-03-31,2016-04-01,False,0,0,,10%
2016-04-30,2016-05-02,True,78,7,"NVDA,META,AMZN,GOOGL,TCOM,GOOG,AVGO",10%
2016-05-31,2016-06-01,False,0,0,,10%
2016-06-30,2016-07-01,True,79,7,"NVDA,AMZN,ULTA,GOOG,GOOGL,META,MAT",10%
2016-07-31,2016-08-01,False,0,0,,10%
2016-08-31,2016-09-01,True,82,8,"NVDA,NTES,AMAT,ULTA,TXN,MAT,AMZN,META",10%
2016-09-30,2016-10-03,True,82,8,"NVDA,AMAT,NTES,MAT,ADSK,ULTA,AMZN,TCOM",10%
2016-10-31,2016-11-01,True,82,8,"NVDA,AMAT,NTES,ISRG,AVGO,CHTR,ULTA,AMZN",10%
2016-11-30,2016-12-01,True,82,8,"NVDA,AMAT,NTES,ULTA,QCOM,TMUS,CHTR,AVGO",10%
2016-12-31,2017-01-03,True,84,8,"NVDA,AMAT,CHTR,MCHP,CSX,QCOM,ULTA,TMUS",10%
2017-01-31,2017-02-01,True,84,8,"NVDA,MU,AMAT,CHTR,CSX,ADSK,LRCX,QCOM",10%
2017-02-28,2017-03-01,True,84,8,"NVDA,MU,CSX,NTES,WDC,AMAT,CHTR,TMUS",10%
2017-03-31,2017-04-03,True,84,8,"NVDA,MU,NTES,CSX,IDXX,INCY,AMAT,WDC",10%
2017-04-30,2017-05-01,True,84,8,"NVDA,MU,STX,WDC,NTES,AMAT,INCY,IDXX",10%
2017-05-31,2017-06-01,True,84,8,"NVDA,MU,WDC,STX,CSX,IDXX,LRCX,AMAT",10%
2017-06-30,2017-07-03,True,85,8,"NVDA,MU,CSX,ADSK,MELI,WDC,AMAT,JD",10%
2017-07-31,2017-08-01,True,85,8,"NVDA,MU,CSX,WDC,JD,IDXX,ADSK,MELI",10%
2017-08-31,2017-09-01,True,85,8,"NVDA,WDC,NFLX,JD,CSX,LRCX,MU,MELI",10%
2017-09-30,2017-10-02,True,85,8,"NVDA,VRTX,MU,NFLX,LRCX,TSLA,CSX,JD",10%
2017-10-31,2017-11-01,True,85,8,"NVDA,MU,ALGN,VRTX,LRCX,AMAT,CSX,TSLA",10%
2017-11-30,2017-12-01,True,85,8,"ALGN,MU,NVDA,LRCX,PYPL,VRTX,AMAT,TSLA",10%
2017-12-31,2018-01-02,True,87,8,"ALGN,TTWO,VRTX,MU,PYPL,ISRG,NVDA,WYNN",10%
2018-01-31,2018-02-01,True,87,8,"ALGN,TTWO,PYPL,NVDA,VRTX,MU,MELI,WYNN",10%
2018-02-28,2018-03-01,True,87,8,"ALGN,NVDA,TTWO,PYPL,NFLX,MU,VRTX,MELI",10%
2018-03-31,2018-04-02,True,87,8,"ALGN,NVDA,NFLX,TTWO,PYPL,MELI,AMZN,MU",10%
2018-04-30,2018-05-01,True,87,8,"NVDA,NFLX,MU,ALGN,ADBE,PYPL,AMZN,MELI",10%
2018-05-31,2018-06-01,True,87,8,"NFLX,ALGN,AMZN,ADBE,NVDA,MU,WYNN,INTC",10%
2018-06-30,2018-07-02,True,87,8,"NFLX,ALGN,MU,ADBE,NVDA,AMZN,INTC,ILMN",10%
2018-07-31,2018-08-01,True,88,8,"NFLX,ALGN,MU,STX,AMZN,ADBE,ILMN,ROST",10%
2018-08-31,2018-09-04,True,88,8,"ALGN,NFLX,AMZN,STX,MU,ILMN,ADBE,IDXX",10%
2018-09-30,2018-10-01,True,88,8,"AMZN,ALGN,NFLX,ILMN,ADBE,STX,IDXX,ISRG",10%
2018-10-31,2018-11-01,True,88,8,"NFLX,AMZN,ILMN,ORLY,ALGN,ROST,ESRX,ADBE",10%
2018-11-30,2018-12-03,True,89,8,"NFLX,ESRX,AMZN,ORLY,IDXX,ADBE,INTU,ILMN",10%
2018-12-31,2019-01-02,True,90,9,"AMD,LULU,WDAY,ILMN,NFLX,ISRG,AMZN,ORLY,UAL",10%
2019-01-31,2019-02-01,False,0,0,,10%
2019-02-28,2019-03-01,True,90,9,"AMD,LULU,VRSN,ULTA,WDAY,ORLY,REGN,INTU,UAL",10%
2019-03-31,2019-04-01,True,90,9,"AMD,LULU,WDAY,CDNS,ULTA,ORLY,VRSN,INTU,ADP",10%
2019-04-30,2019-05-01,True,90,9,"AMD,LULU,CDNS,VRSN,WDAY,ORLY,MELI,INTU,PYPL",10%
2019-05-31,2019-06-03,True,90,9,"AMD,LULU,MELI,CDNS,WDAY,QCOM,VRSN,CMCSA,CHTR",10%
2019-06-30,2019-07-01,True,90,9,"MELI,AMD,WDAY,SBUX,CDNS,ULTA,VRSN,SNPS,ORLY",10%
2019-07-31,2019-08-01,True,90,9,"MELI,WDAY,AMD,SBUX,CDNS,LULU,VRSN,SNPS,ULTA",10%
2019-08-31,2019-09-03,True,90,9,"MELI,SBUX,CDNS,AVGO,WTW,ULTA,VRSN,SNPS,WDAY",10%
2019-09-30,2019-10-01,True,90,9,"MELI,SBUX,CDNS,KLAC,SNPS,WTW,LRCX,XEL,CTAS",10%
2019-10-31,2019-11-01,True,90,9,"KLAC,MELI,LRCX,AMD,AMAT,SBUX,SNPS,CTAS,CDNS",10%
2019-11-30,2019-12-02,True,91,9,"LRCX,KLAC,AMD,ASML,LULU,MELI,AMAT,SNPS,JD",10%
2019-12-31,2020-01-02,True,90,9,"AMD,LRCX,MELI,KLAC,CPRT,LULU,CSGP,AMAT,ASML",10%
2020-01-31,2020-02-03,True,90,9,"AMD,QCOM,CPRT,AAPL,LRCX,CDW,ASML,KLAC,SWKS",10%
2020-02-29,2020-03-02,True,90,9,"TSLA,AMD,AAPL,LRCX,CPRT,QCOM,LULU,ASML,NVDA",10%
2020-03-31,2020-04-01,True,92,9,"TSLA,AMD,LRCX,NVDA,ASML,AMAT,AAPL,CSGP,CHTR",10%
2020-04-30,2020-05-01,True,92,9,"DXCM,TSLA,ZM,AMD,NVDA,REGN,VRTX,BIIB,JD",10%
2020-05-31,2020-06-01,True,92,9,"TSLA,DXCM,NVDA,AMD,REGN,ZM,AAPL,JD,KLAC",10%
2020-06-30,2020-07-01,True,92,9,"TSLA,DOCU,DXCM,NVDA,ZM,REGN,JD,AMD,LULU",10%
2020-07-31,2020-08-03,True,92,9,"MRNA,TSLA,DOCU,ZM,DXCM,NVDA,REGN,JD,NTES",10%
2020-08-31,2020-09-01,True,92,9,"TSLA,MRNA,DOCU,PDD,ZM,NVDA,DXCM,AMD,REGN",10%
2020-09-30,2020-10-01,True,92,9,"TSLA,ZM,MRNA,DOCU,AMD,NVDA,DXCM,JD,PDD",10%
2020-10-31,2020-11-02,True,92,9,"TSLA,ZM,MRNA,DOCU,NVDA,DXCM,JD,AMD,MELI",10%
2020-11-30,2020-12-01,True,92,9,"ZM,TSLA,MRNA,DOCU,PDD,JD,NVDA,MELI,AMD",10%
2020-12-31,2021-01-04,True,92,9,"MRNA,ZM,TSLA,PTON,PDD,DOCU,MELI,JD,NVDA",10%
2021-01-31,2021-02-01,True,92,9,"TSLA,MRNA,PDD,PTON,ZM,DOCU,MELI,JD,NVDA",10%
2021-02-28,2021-03-01,True,92,9,"MRNA,TSLA,PTON,PDD,ZM,MELI,DOCU,MRVL,ALGN",10%
2021-03-31,2021-04-01,True,92,9,"TSLA,MRNA,PDD,PTON,MELI,ALGN,BIDU,PYPL,AMAT",10%
2021-04-30,2021-05-03,True,92,9,"TSLA,PTON,MRNA,PDD,AMAT,MELI,ALGN,ZM,LRCX",10%
2021-05-31,2021-06-01,True,92,9,"TSLA,MRNA,ALGN,AMAT,PTON,LRCX,NXPI,PDD,ASML",10%
2021-06-30,2021-07-01,True,92,9,"TSLA,MRNA,AMAT,ALGN,LRCX,PTON,NXPI,ASML,NVDA",10%
2021-07-31,2021-08-02,True,93,9,"MRNA,TSLA,AMAT,ALGN,ASML,NVDA,PTON,NXPI,LRCX",10%
2021-08-31,2021-09-01,True,94,9,"MRNA,ALGN,AMAT,ASML,CRWD,LRCX,IDXX,KLAC,MU",10%
2021-09-30,2021-10-01,True,94,9,"MRNA,AMAT,ASML,ALGN,CRWD,TEAM,GOOG,GOOGL,LRCX",10%
2021-10-31,2021-11-01,True,94,9,"MRNA,AMAT,ASML,TEAM,TSLA,CRWD,INTU,KLAC,DXCM",10%
2021-11-30,2021-12-01,True,94,9,"MRNA,TEAM,TSLA,DXCM,NVDA,ASML,CRWD,INTU,GOOGL",10%
2021-12-31,2022-01-03,True,94,9,"LCID,MRNA,NVDA,FTNT,DDOG,ZS,AMD,INTU,AMAT",10%
2022-01-31,2022-02-01,True,94,9,"FTNT,NVDA,ODFL,INTU,DDOG,MRVL,AMD,LCID,ORLY",10%
2022-02-28,2022-03-01,True,95,9,"NVDA,FTNT,EXC,COST,DDOG,MRVL,ORLY,AAPL,PANW",10%
2022-03-31,2022-04-01,True,95,9,"DDOG,FTNT,PANW,NVDA,AMD,COST,TEAM,EXC,MRVL",10%
2022-04-30,2022-05-02,True,95,9,"NVDA,DDOG,PANW,FTNT,MRVL,COST,EXC,TSLA,REGN",10%
2022-05-31,2022-06-01,False,0,0,,10%
2022-06-30,2022-07-01,False,0,0,,10%
2022-07-31,2022-08-01,False,0,0,,10%
2022-08-31,2022-09-01,False,0,0,,10%
2022-09-30,2022-10-03,False,0,0,,10%
2022-10-31,2022-11-01,False,0,0,,10%
2022-11-30,2022-12-01,False,0,0,,10%
2022-12-31,2023-01-03,False,0,0,,10%
2023-01-31,2023-02-01,False,0,0,,10%
2023-02-28,2023-03-01,False,0,0,,10%
2023-03-31,2023-04-03,False,0,0,,10%
2023-04-30,2023-05-01,True,96,9,"NFLX,PDD,NVDA,GILD,SBUX,ORLY,CDNS,GFS,PCAR",10%
2023-05-31,2023-06-01,True,96,9,"NFLX,DXCM,MELI,BIIB,NVDA,SBUX,ORLY,CPRT,CDNS",10%
2023-06-30,2023-07-03,True,96,9,"NVDA,NFLX,MELI,AVGO,ON,META,CPRT,DXCM,AMD",10%
2023-07-31,2023-08-01,True,97,9,"NVDA,NFLX,META,TTD,AVGO,DXCM,PANW,ISRG,WDAY",10%
2023-08-31,2023-09-01,True,97,9,"NVDA,NFLX,META,AVGO,LRCX,AMAT,FTNT,IDXX,BKNG",10%
2023-09-30,2023-10-02,True,97,9,"NVDA,META,AVGO,ADBE,LRCX,BKNG,AMAT,NFLX,ALGN",10%
2023-10-31,2023-11-01,True,97,9,"NVDA,META,AVGO,PDD,AMD,BKNG,ADBE,AMAT,ALGN",10%
2023-11-30,2023-12-01,True,97,9,"META,NVDA,AVGO,ADBE,CRWD,PANW,CDNS,SNPS,AMZN",10%
2023-12-31,2024-01-02,True,98,9,"NVDA,META,CRWD,PANW,MDB,TSLA,DASH,MELI,AMD",10%
2024-01-31,2024-02-01,True,98,9,"NVDA,CRWD,META,AMD,AVGO,MDB,PANW,INTC,ZS",10%
2024-02-29,2024-03-01,True,98,9,"NVDA,CRWD,META,AMD,AVGO,MDB,ADBE,DASH,PANW",10%
2024-03-31,2024-04-01,True,99,9,"NVDA,CRWD,META,CEG,ZS,AVGO,AMD,DASH,MDB",10%
2024-04-30,2024-05-01,True,99,9,"NVDA,CRWD,CEG,DASH,AVGO,ZS,META,AMD,LRCX",10%
2024-05-31,2024-06-03,True,99,9,"NVDA,CEG,DASH,PDD,CRWD,MU,FANG,AVGO,META",10%
2024-06-30,2024-07-01,True,98,9,"NVDA,CEG,PDD,CRWD,MU,QCOM,META,FANG,KLAC",10%
2024-07-31,2024-08-01,True,99,9,"NVDA,SMCI,CRWD,CEG,MU,AVGO,KLAC,META,AMAT",10%
2024-08-31,2024-09-03,True,99,9,"SMCI,NVDA,CEG,AVGO,KLAC,META,QCOM,MU,COST",10%
2024-09-30,2024-10-01,True,100,10,"NVDA,ARM,AVGO,NFLX,CEG,KLAC,META,CTAS,ISRG,CRWD",10%
2024-10-31,2024-11-01,True,100,10,"NVDA,ARM,CEG,AVGO,META,DASH,ISRG,SMCI,NFLX,AMD",10%
2024-11-30,2024-12-02,True,100,10,"APP,NVDA,ARM,CEG,AVGO,META,TTD,DASH,ISRG,NFLX",10%
2024-12-31,2025-01-02,True,100,10,"APP,MSTR,PLTR,NVDA,AXON,CEG,DASH,NFLX,ARM,TTD",10%
2025-01-31,2025-02-03,True,100,10,"APP,MSTR,PLTR,AXON,NVDA,TSLA,AVGO,CEG,ARM,TTD",10%
2025-02-28,2025-03-03,True,100,10,"APP,PLTR,MSTR,AXON,TSLA,CEG,AVGO,NFLX,BKR,MRVL",10%
2025-03-31,2025-04-01,True,100,10,"APP,PLTR,AXON,TMUS,TSLA,NFLX,GILD,FTNT,AVGO,MSTR",10%
2025-04-30,2025-05-01,True,100,10,"PLTR,APP,MSTR,GILD,NFLX,AXON,TMUS,FTNT,WBD,TTWO",10%
2025-05-31,2025-06-02,True,100,10,"PLTR,APP,MSTR,AXON,NFLX,DASH,FTNT,GILD,SHOP,TSLA",10%
2025-06-30,2025-07-01,True,100,10,"PLTR,APP,MSTR,AXON,DASH,NFLX,TSLA,FTNT,GILD,SHOP",10%
2025-07-31,2025-08-01,True,101,10,"PLTR,APP,AXON,MSTR,DASH,CRWD,NFLX,SHOP,FTNT,ZS",10%
2025-08-31,2025-09-02,True,101,10,"PLTR,APP,MSTR,AXON,DASH,AVGO,CEG,WBD,NFLX,SHOP",10%
2025-09-30,2025-10-01,True,101,10,"PLTR,APP,MSTR,AXON,SHOP,AVGO,DASH,NFLX,ZS,TTWO",10%
2025-10-31,2025-11-03,True,101,10,"PLTR,APP,WBD,AVGO,SHOP,LRCX,TSLA,DASH,AXON,MU",10%
2025-11-30,2025-12-01,True,101,10,"PLTR,AVGO,MU,LRCX,WBD,APP,KLAC,AMD,GOOGL,INTC",10%
2025-12-31,2026-01-02,True,101,10,"WDC,STX,INSM,MU,WBD,PLTR,LRCX,INTC,ALNY,KLAC",10%
2026-01-31,2026-02-02,True,101,10,"WDC,MU,STX,WBD,INSM,PLTR,LRCX,INTC,AMD,APP",10%
2026-02-28,2026-03-02,True,101,10,"WDC,MU,STX,LRCX,WBD,AMD,AMAT,KLAC,ASML,GOOGL",10%
2015-01-31,2015-02-02,True,74,14,"EA,AAL,MAR,MNST,NXPI,LRCX,AAPL,INTC,MU,AMAT",20%
2015-02-28,2015-03-02,True,74,14,"EA,AAPL,MNST,LRCX,NXPI,CHRW,MAR,INTC,VRTX,AAL",20%
2015-03-31,2015-04-01,True,73,14,"MNST,EA,AAPL,VRTX,DLTR,LRCX,MAR,ROST,CHTR,GILD",20%
2015-04-30,2015-05-01,True,73,14,"EA,MNST,VRTX,NXPI,ROST,DLTR,REGN,AAL,BBBY,AAPL",20%
2015-05-31,2015-06-01,True,73,14,"MNST,VRTX,EA,NXPI,REGN,ORLY,ROST,DLTR,BBBY,AAPL",20%
2015-06-30,2015-07-01,True,73,14,"REGN,MNST,EA,NXPI,ROST,ORLY,TSCO,AAPL,NFLX,DLTR",20%
2015-07-31,2015-08-03,True,75,15,"BMRN,MNST,EA,REGN,NXPI,NFLX,ROST,ORLY,TSCO,DLTR",20%
2015-08-31,2015-09-01,True,76,15,"BMRN,EA,MNST,SWKS,NFLX,AMZN,REGN,ORLY,SBUX,DLTR",20%
2015-09-30,2015-10-01,True,76,15,"EA,BMRN,NFLX,ORLY,AMZN,SWKS,MNST,SBUX,REGN,CTSH",20%
2015-10-31,2015-11-02,True,77,15,"NFLX,AMZN,EA,INCY,SBUX,SWKS,ORLY,MNST,NVDA,CTSH",20%
2015-11-30,2015-12-01,True,77,15,"NFLX,AMZN,TCOM,EA,SBUX,INCY,ORLY,NVDA,GOOGL,REGN",20%
2015-12-31,2016-01-04,True,76,15,"NFLX,TCOM,AMZN,NVDA,INCY,SBUX,EXPE,EA,GOOGL,MNST",20%
2016-01-31,2016-02-01,True,76,15,"TCOM,AMZN,NFLX,NVDA,EXPE,GOOGL,GOOG,MSFT,ULTA,SBUX",20%
2016-02-29,2016-03-01,False,0,0,,20%
2016-03-31,2016-04-01,False,0,0,,20%
2016-04-30,2016-05-02,True,78,15,"NVDA,META,AMZN,GOOGL,TCOM,GOOG,AVGO,NFLX,ULTA,MAT",20%
2016-05-31,2016-06-01,False,0,0,,20%
2016-06-30,2016-07-01,True,79,15,"NVDA,AMZN,ULTA,GOOG,GOOGL,META,MAT,ISRG,AMAT,CHTR",20%
2016-07-31,2016-08-01,False,0,0,,20%
2016-08-31,2016-09-01,True,82,16,"NVDA,NTES,AMAT,ULTA,TXN,MAT,AMZN,META,PAYX,ISRG",20%
2016-09-30,2016-10-03,True,82,16,"NVDA,AMAT,NTES,MAT,ADSK,ULTA,AMZN,TCOM,ISRG,MCHP",20%
2016-10-31,2016-11-01,True,82,16,"NVDA,AMAT,NTES,ISRG,AVGO,CHTR,ULTA,AMZN,MCHP,ADSK",20%
2016-11-30,2016-12-01,True,82,16,"NVDA,AMAT,NTES,ULTA,QCOM,TMUS,CHTR,AVGO,MAT,ISRG",20%
2016-12-31,2017-01-03,True,84,16,"NVDA,AMAT,CHTR,MCHP,CSX,QCOM,ULTA,TMUS,TXN,ADI",20%
2017-01-31,2017-02-01,True,84,16,"NVDA,MU,AMAT,CHTR,CSX,ADSK,LRCX,QCOM,MCHP,WDC",20%
2017-02-28,2017-03-01,True,84,16,"NVDA,MU,CSX,NTES,WDC,AMAT,CHTR,TMUS,INCY,ULTA",20%
2017-03-31,2017-04-03,True,84,16,"NVDA,MU,NTES,CSX,IDXX,INCY,AMAT,WDC,TMUS,CHTR",20%
2017-04-30,2017-05-01,True,84,16,"NVDA,MU,STX,WDC,NTES,AMAT,INCY,IDXX,CSX,LRCX",20%
2017-05-31,2017-06-01,True,84,16,"NVDA,MU,WDC,STX,CSX,IDXX,LRCX,AMAT,CHTR,TMUS",20%
2017-06-30,2017-07-03,True,85,17,"NVDA,MU,CSX,ADSK,MELI,WDC,AMAT,JD,STX,LRCX",20%
2017-07-31,2017-08-01,True,85,17,"NVDA,MU,CSX,WDC,JD,IDXX,ADSK,MELI,NFLX,LRCX",20%
2017-08-31,2017-09-01,True,85,17,"NVDA,WDC,NFLX,JD,CSX,LRCX,MU,MELI,ADSK,INCY",20%
2017-09-30,2017-10-02,True,85,17,"NVDA,VRTX,MU,NFLX,LRCX,TSLA,CSX,JD,ADSK,NCLH",20%
2017-10-31,2017-11-01,True,85,17,"NVDA,MU,ALGN,VRTX,LRCX,AMAT,CSX,TSLA,MAR,WYNN",20%
2017-11-30,2017-12-01,True,85,17,"ALGN,MU,NVDA,LRCX,PYPL,VRTX,AMAT,TSLA,ISRG,ADSK",20%
2017-12-31,2018-01-02,True,87,17,"ALGN,TTWO,VRTX,MU,PYPL,ISRG,NVDA,WYNN,LRCX,ILMN",20%
2018-01-31,2018-02-01,True,87,17,"ALGN,TTWO,PYPL,NVDA,VRTX,MU,MELI,WYNN,MAR,LRCX",20%
2018-02-28,2018-03-01,True,87,17,"ALGN,NVDA,TTWO,PYPL,NFLX,MU,VRTX,MELI,ISRG,WYNN",20%
2018-03-31,2018-04-02,True,87,17,"ALGN,NVDA,NFLX,TTWO,PYPL,MELI,AMZN,MU,ISRG,ADBE",20%
2018-04-30,2018-05-01,True,87,17,"NVDA,NFLX,MU,ALGN,ADBE,PYPL,AMZN,MELI,TTWO,ASML",20%
2018-05-31,2018-06-01,True,87,17,"NFLX,ALGN,AMZN,ADBE,NVDA,MU,WYNN,INTC,CSCO,ISRG",20%
2018-06-30,2018-07-02,True,87,17,"NFLX,ALGN,MU,ADBE,NVDA,AMZN,INTC,ILMN,INTU,PYPL",20%
2018-07-31,2018-08-01,True,88,17,"NFLX,ALGN,MU,STX,AMZN,ADBE,ILMN,ROST,ISRG,INTU",20%
2018-08-31,2018-09-04,True,88,17,"ALGN,NFLX,AMZN,STX,MU,ILMN,ADBE,IDXX,ORLY,CTAS",20%
2018-09-30,2018-10-01,True,88,17,"AMZN,ALGN,NFLX,ILMN,ADBE,STX,IDXX,ISRG,NVDA,INTU",20%
2018-10-31,2018-11-01,True,88,17,"NFLX,AMZN,ILMN,ORLY,ALGN,ROST,ESRX,ADBE,ISRG,INTU",20%
2018-11-30,2018-12-03,True,89,17,"NFLX,ESRX,AMZN,ORLY,IDXX,ADBE,INTU,ILMN,ROST,ISRG",20%
2018-12-31,2019-01-02,True,90,18,"AMD,LULU,WDAY,ILMN,NFLX,ISRG,AMZN,ORLY,UAL,ADBE",20%
2019-01-31,2019-02-01,False,0,0,,20%
2019-02-28,2019-03-01,True,90,18,"AMD,LULU,VRSN,ULTA,WDAY,ORLY,REGN,INTU,UAL,ADSK",20%
2019-03-31,2019-04-01,True,90,18,"AMD,LULU,WDAY,CDNS,ULTA,ORLY,VRSN,INTU,ADP,ISRG",20%
2019-04-30,2019-05-01,True,90,18,"AMD,LULU,CDNS,VRSN,WDAY,ORLY,MELI,INTU,PYPL,ULTA",20%
2019-05-31,2019-06-03,True,90,18,"AMD,LULU,MELI,CDNS,WDAY,QCOM,VRSN,CMCSA,CHTR,ULTA",20%
2019-06-30,2019-07-01,True,90,18,"MELI,AMD,WDAY,SBUX,CDNS,ULTA,VRSN,SNPS,ORLY,LULU",20%
2019-07-31,2019-08-01,True,90,18,"MELI,WDAY,AMD,SBUX,CDNS,LULU,VRSN,SNPS,ULTA,PYPL",20%
2019-08-31,2019-09-03,True,90,18,"MELI,SBUX,CDNS,AVGO,WTW,ULTA,VRSN,SNPS,WDAY,MDLZ",20%
2019-09-30,2019-10-01,True,90,18,"MELI,SBUX,CDNS,KLAC,SNPS,WTW,LRCX,XEL,CTAS,VRSK",20%
2019-10-31,2019-11-01,True,90,18,"KLAC,MELI,LRCX,AMD,AMAT,SBUX,SNPS,CTAS,CDNS,NXPI",20%
2019-11-30,2019-12-02,True,91,18,"LRCX,KLAC,AMD,ASML,LULU,MELI,AMAT,SNPS,JD,CDNS",20%
2019-12-31,2020-01-02,True,90,18,"AMD,LRCX,MELI,KLAC,CPRT,LULU,CSGP,AMAT,ASML,AAPL",20%
2020-01-31,2020-02-03,True,90,18,"AMD,QCOM,CPRT,AAPL,LRCX,CDW,ASML,KLAC,SWKS,NVDA",20%
2020-02-29,2020-03-02,True,90,18,"TSLA,AMD,AAPL,LRCX,CPRT,QCOM,LULU,ASML,NVDA,MSFT",20%
2020-03-31,2020-04-01,True,92,18,"TSLA,AMD,LRCX,NVDA,ASML,AMAT,AAPL,CSGP,CHTR,QCOM",20%
2020-04-30,2020-05-01,True,92,18,"DXCM,TSLA,ZM,AMD,NVDA,REGN,VRTX,BIIB,JD,AAPL",20%
2020-05-31,2020-06-01,True,92,18,"TSLA,DXCM,NVDA,AMD,REGN,ZM,AAPL,JD,KLAC,SWKS",20%
2020-06-30,2020-07-01,True,92,18,"TSLA,DOCU,DXCM,NVDA,ZM,REGN,JD,AMD,LULU,AAPL",20%
2020-07-31,2020-08-03,True,92,18,"MRNA,TSLA,DOCU,ZM,DXCM,NVDA,REGN,JD,NTES,VRTX",20%
2020-08-31,2020-09-01,True,92,18,"TSLA,MRNA,DOCU,PDD,ZM,NVDA,DXCM,AMD,REGN,JD",20%
2020-09-30,2020-10-01,True,92,18,"TSLA,ZM,MRNA,DOCU,AMD,NVDA,DXCM,JD,PDD,AAPL",20%
2020-10-31,2020-11-02,True,92,18,"TSLA,ZM,MRNA,DOCU,NVDA,DXCM,JD,AMD,MELI,PYPL",20%
2020-11-30,2020-12-01,True,92,18,"ZM,TSLA,MRNA,DOCU,PDD,JD,NVDA,MELI,AMD,PYPL",20%
2020-12-31,2021-01-04,True,92,18,"MRNA,ZM,TSLA,PTON,PDD,DOCU,MELI,JD,NVDA,OKTA",20%
2021-01-31,2021-02-01,True,92,18,"TSLA,MRNA,PDD,PTON,ZM,DOCU,MELI,JD,NVDA,ALGN",20%
2021-02-28,2021-03-01,True,92,18,"MRNA,TSLA,PTON,PDD,ZM,MELI,DOCU,MRVL,ALGN,JD",20%
2021-03-31,2021-04-01,True,92,18,"TSLA,MRNA,PDD,PTON,MELI,ALGN,BIDU,PYPL,AMAT,ZM",20%
2021-04-30,2021-05-03,True,92,18,"TSLA,PTON,MRNA,PDD,AMAT,MELI,ALGN,ZM,LRCX,BIDU",20%
2021-05-31,2021-06-01,True,92,18,"TSLA,MRNA,ALGN,AMAT,PTON,LRCX,NXPI,PDD,ASML,BIDU",20%
2021-06-30,2021-07-01,True,92,18,"TSLA,MRNA,AMAT,ALGN,LRCX,PTON,NXPI,ASML,NVDA,GOOG",20%
2021-07-31,2021-08-02,True,93,18,"MRNA,TSLA,AMAT,ALGN,ASML,NVDA,PTON,NXPI,LRCX,BIDU",20%
2021-08-31,2021-09-01,True,94,18,"MRNA,ALGN,AMAT,ASML,CRWD,LRCX,IDXX,KLAC,MU,TEAM",20%
2021-09-30,2021-10-01,True,94,18,"MRNA,AMAT,ASML,ALGN,CRWD,TEAM,GOOG,GOOGL,LRCX,KLAC",20%
2021-10-31,2021-11-01,True,94,18,"MRNA,AMAT,ASML,TEAM,TSLA,CRWD,INTU,KLAC,DXCM,LRCX",20%
2021-11-30,2021-12-01,True,94,18,"MRNA,TEAM,TSLA,DXCM,NVDA,ASML,CRWD,INTU,GOOGL,GOOG",20%
2021-12-31,2022-01-03,True,94,18,"LCID,MRNA,NVDA,FTNT,DDOG,ZS,AMD,INTU,AMAT,ASML",20%
2022-01-31,2022-02-01,True,94,18,"FTNT,NVDA,ODFL,INTU,DDOG,MRVL,AMD,LCID,ORLY,TEAM",20%
2022-02-28,2022-03-01,True,95,19,"NVDA,FTNT,EXC,COST,DDOG,MRVL,ORLY,AAPL,PANW,INTU",20%
2022-03-31,2022-04-01,True,95,19,"DDOG,FTNT,PANW,NVDA,AMD,COST,TEAM,EXC,MRVL,ZS",20%
2022-04-30,2022-05-02,True,95,19,"NVDA,DDOG,PANW,FTNT,MRVL,COST,EXC,TSLA,REGN,PAYX",20%
2022-05-31,2022-06-01,False,0,0,,20%
2022-06-30,2022-07-01,False,0,0,,20%
2022-07-31,2022-08-01,False,0,0,,20%
2022-08-31,2022-09-01,False,0,0,,20%
2022-09-30,2022-10-03,False,0,0,,20%
2022-10-31,2022-11-01,False,0,0,,20%
2022-11-30,2022-12-01,False,0,0,,20%
2022-12-31,2023-01-03,False,0,0,,20%
2023-01-31,2023-02-01,False,0,0,,20%
2023-02-28,2023-03-01,False,0,0,,20%
2023-03-31,2023-04-03,False,0,0,,20%
2023-04-30,2023-05-01,True,96,19,"NFLX,PDD,NVDA,GILD,SBUX,ORLY,CDNS,GFS,PCAR,MELI",20%
2023-05-31,2023-06-01,True,96,19,"NFLX,DXCM,MELI,BIIB,NVDA,SBUX,ORLY,CPRT,CDNS,PDD",20%
2023-06-30,2023-07-03,True,96,19,"NVDA,NFLX,MELI,AVGO,ON,META,CPRT,DXCM,AMD,CDNS",20%
2023-07-31,2023-08-01,True,97,19,"NVDA,NFLX,META,TTD,AVGO,DXCM,PANW,ISRG,WDAY,MELI",20%
2023-08-31,2023-09-01,True,97,19,"NVDA,NFLX,META,AVGO,LRCX,AMAT,FTNT,IDXX,BKNG,ISRG",20%
2023-09-30,2023-10-02,True,97,19,"NVDA,META,AVGO,ADBE,LRCX,BKNG,AMAT,NFLX,ALGN,BKR",20%
2023-10-31,2023-11-01,True,97,19,"NVDA,META,AVGO,PDD,AMD,BKNG,ADBE,AMAT,ALGN,LRCX",20%
2023-11-30,2023-12-01,True,97,19,"META,NVDA,AVGO,ADBE,CRWD,PANW,CDNS,SNPS,AMZN,TEAM",20%
2023-12-31,2024-01-02,True,98,19,"NVDA,META,CRWD,PANW,MDB,TSLA,DASH,MELI,AMD,ADBE",20%
2024-01-31,2024-02-01,True,98,19,"NVDA,CRWD,META,AMD,AVGO,MDB,PANW,INTC,ZS,DASH",20%
2024-02-29,2024-03-01,True,98,19,"NVDA,CRWD,META,AMD,AVGO,MDB,ADBE,DASH,PANW,ZS",20%
2024-03-31,2024-04-01,True,99,19,"NVDA,CRWD,META,CEG,ZS,AVGO,AMD,DASH,MDB,DDOG",20%
2024-04-30,2024-05-01,True,99,19,"NVDA,CRWD,CEG,DASH,AVGO,ZS,META,AMD,LRCX,MU",20%
2024-05-31,2024-06-03,True,99,19,"NVDA,CEG,DASH,PDD,CRWD,MU,FANG,AVGO,META,PCAR",20%
2024-06-30,2024-07-01,True,98,19,"NVDA,CEG,PDD,CRWD,MU,QCOM,META,FANG,KLAC,AVGO",20%
2024-07-31,2024-08-01,True,99,19,"NVDA,SMCI,CRWD,CEG,MU,AVGO,KLAC,META,AMAT,COST",20%
2024-08-31,2024-09-03,True,99,19,"SMCI,NVDA,CEG,AVGO,KLAC,META,QCOM,MU,COST,CTAS",20%
2024-09-30,2024-10-01,True,100,20,"NVDA,ARM,AVGO,NFLX,CEG,KLAC,META,CTAS,ISRG,CRWD",20%
2024-10-31,2024-11-01,True,100,20,"NVDA,ARM,CEG,AVGO,META,DASH,ISRG,SMCI,NFLX,AMD",20%
2024-11-30,2024-12-02,True,100,20,"APP,NVDA,ARM,CEG,AVGO,META,TTD,DASH,ISRG,NFLX",20%
2024-12-31,2025-01-02,True,100,20,"APP,MSTR,PLTR,NVDA,AXON,CEG,DASH,NFLX,ARM,TTD",20%
2025-01-31,2025-02-03,True,100,20,"APP,MSTR,PLTR,AXON,NVDA,TSLA,AVGO,CEG,ARM,TTD",20%
2025-02-28,2025-03-03,True,100,20,"APP,PLTR,MSTR,AXON,TSLA,CEG,AVGO,NFLX,BKR,MRVL",20%
2025-03-31,2025-04-01,True,100,20,"APP,PLTR,AXON,TMUS,TSLA,NFLX,GILD,FTNT,AVGO,MSTR",20%
2025-04-30,2025-05-01,True,100,20,"PLTR,APP,MSTR,GILD,NFLX,AXON,TMUS,FTNT,WBD,TTWO",20%
2025-05-31,2025-06-02,True,100,20,"PLTR,APP,MSTR,AXON,NFLX,DASH,FTNT,GILD,SHOP,TSLA",20%
2025-06-30,2025-07-01,True,100,20,"PLTR,APP,MSTR,AXON,DASH,NFLX,TSLA,FTNT,GILD,SHOP",20%
2025-07-31,2025-08-01,True,101,20,"PLTR,APP,AXON,MSTR,DASH,CRWD,NFLX,SHOP,FTNT,ZS",20%
2025-08-31,2025-09-02,True,101,20,"PLTR,APP,MSTR,AXON,DASH,AVGO,CEG,WBD,NFLX,SHOP",20%
2025-09-30,2025-10-01,True,101,20,"PLTR,APP,MSTR,AXON,SHOP,AVGO,DASH,NFLX,ZS,TTWO",20%
2025-10-31,2025-11-03,True,101,20,"PLTR,APP,WBD,AVGO,SHOP,LRCX,TSLA,DASH,AXON,MU",20%
2025-11-30,2025-12-01,True,101,20,"PLTR,AVGO,MU,LRCX,WBD,APP,KLAC,AMD,GOOGL,INTC",20%
2025-12-31,2026-01-02,True,101,20,"WDC,STX,INSM,MU,WBD,PLTR,LRCX,INTC,ALNY,KLAC",20%
2026-01-31,2026-02-02,True,101,20,"WDC,MU,STX,WBD,INSM,PLTR,LRCX,INTC,AMD,APP",20%
2026-02-28,2026-03-02,True,101,20,"WDC,MU,STX,LRCX,WBD,AMD,AMAT,KLAC,ASML,GOOGL",20%
2015-01-31,2015-02-02,True,74,22,"EA,AAL,MAR,MNST,NXPI,LRCX,AAPL,INTC,MU,AMAT",30%
2015-02-28,2015-03-02,True,74,22,"EA,AAPL,MNST,LRCX,NXPI,CHRW,MAR,INTC,VRTX,AAL",30%
2015-03-31,2015-04-01,True,73,21,"MNST,EA,AAPL,VRTX,DLTR,LRCX,MAR,ROST,CHTR,GILD",30%
2015-04-30,2015-05-01,True,73,21,"EA,MNST,VRTX,NXPI,ROST,DLTR,REGN,AAL,BBBY,AAPL",30%
2015-05-31,2015-06-01,True,73,21,"MNST,VRTX,EA,NXPI,REGN,ORLY,ROST,DLTR,BBBY,AAPL",30%
2015-06-30,2015-07-01,True,73,21,"REGN,MNST,EA,NXPI,ROST,ORLY,TSCO,AAPL,NFLX,DLTR",30%
2015-07-31,2015-08-03,True,75,22,"BMRN,MNST,EA,REGN,NXPI,NFLX,ROST,ORLY,TSCO,DLTR",30%
2015-08-31,2015-09-01,True,76,22,"BMRN,EA,MNST,SWKS,NFLX,AMZN,REGN,ORLY,SBUX,DLTR",30%
2015-09-30,2015-10-01,True,76,22,"EA,BMRN,NFLX,ORLY,AMZN,SWKS,MNST,SBUX,REGN,CTSH",30%
2015-10-31,2015-11-02,True,77,23,"NFLX,AMZN,EA,INCY,SBUX,SWKS,ORLY,MNST,NVDA,CTSH",30%
2015-11-30,2015-12-01,True,77,23,"NFLX,AMZN,TCOM,EA,SBUX,INCY,ORLY,NVDA,GOOGL,REGN",30%
2015-12-31,2016-01-04,True,76,22,"NFLX,TCOM,AMZN,NVDA,INCY,SBUX,EXPE,EA,GOOGL,MNST",30%
2016-01-31,2016-02-01,True,76,22,"TCOM,AMZN,NFLX,NVDA,EXPE,GOOGL,GOOG,MSFT,ULTA,SBUX",30%
2016-02-29,2016-03-01,False,0,0,,30%
2016-03-31,2016-04-01,False,0,0,,30%
2016-04-30,2016-05-02,True,78,23,"NVDA,META,AMZN,GOOGL,TCOM,GOOG,AVGO,NFLX,ULTA,MAT",30%
2016-05-31,2016-06-01,False,0,0,,30%
2016-06-30,2016-07-01,True,79,23,"NVDA,AMZN,ULTA,GOOG,GOOGL,META,MAT,ISRG,AMAT,CHTR",30%
2016-07-31,2016-08-01,False,0,0,,30%
2016-08-31,2016-09-01,True,82,24,"NVDA,NTES,AMAT,ULTA,TXN,MAT,AMZN,META,PAYX,ISRG",30%
2016-09-30,2016-10-03,True,82,24,"NVDA,AMAT,NTES,MAT,ADSK,ULTA,AMZN,TCOM,ISRG,MCHP",30%
2016-10-31,2016-11-01,True,82,24,"NVDA,AMAT,NTES,ISRG,AVGO,CHTR,ULTA,AMZN,MCHP,ADSK",30%
2016-11-30,2016-12-01,True,82,24,"NVDA,AMAT,NTES,ULTA,QCOM,TMUS,CHTR,AVGO,MAT,ISRG",30%
2016-12-31,2017-01-03,True,84,25,"NVDA,AMAT,CHTR,MCHP,CSX,QCOM,ULTA,TMUS,TXN,ADI",30%
2017-01-31,2017-02-01,True,84,25,"NVDA,MU,AMAT,CHTR,CSX,ADSK,LRCX,QCOM,MCHP,WDC",30%
2017-02-28,2017-03-01,True,84,25,"NVDA,MU,CSX,NTES,WDC,AMAT,CHTR,TMUS,INCY,ULTA",30%
2017-03-31,2017-04-03,True,84,25,"NVDA,MU,NTES,CSX,IDXX,INCY,AMAT,WDC,TMUS,CHTR",30%
2017-04-30,2017-05-01,True,84,25,"NVDA,MU,STX,WDC,NTES,AMAT,INCY,IDXX,CSX,LRCX",30%
2017-05-31,2017-06-01,True,84,25,"NVDA,MU,WDC,STX,CSX,IDXX,LRCX,AMAT,CHTR,TMUS",30%
2017-06-30,2017-07-03,True,85,25,"NVDA,MU,CSX,ADSK,MELI,WDC,AMAT,JD,STX,LRCX",30%
2017-07-31,2017-08-01,True,85,25,"NVDA,MU,CSX,WDC,JD,IDXX,ADSK,MELI,NFLX,LRCX",30%
2017-08-31,2017-09-01,True,85,25,"NVDA,WDC,NFLX,JD,CSX,LRCX,MU,MELI,ADSK,INCY",30%
2017-09-30,2017-10-02,True,85,25,"NVDA,VRTX,MU,NFLX,LRCX,TSLA,CSX,JD,ADSK,NCLH",30%
2017-10-31,2017-11-01,True,85,25,"NVDA,MU,ALGN,VRTX,LRCX,AMAT,CSX,TSLA,MAR,WYNN",30%
2017-11-30,2017-12-01,True,85,25,"ALGN,MU,NVDA,LRCX,PYPL,VRTX,AMAT,TSLA,ISRG,ADSK",30%
2017-12-31,2018-01-02,True,87,26,"ALGN,TTWO,VRTX,MU,PYPL,ISRG,NVDA,WYNN,LRCX,ILMN",30%
2018-01-31,2018-02-01,True,87,26,"ALGN,TTWO,PYPL,NVDA,VRTX,MU,MELI,WYNN,MAR,LRCX",30%
2018-02-28,2018-03-01,True,87,26,"ALGN,NVDA,TTWO,PYPL,NFLX,MU,VRTX,MELI,ISRG,WYNN",30%
2018-03-31,2018-04-02,True,87,26,"ALGN,NVDA,NFLX,TTWO,PYPL,MELI,AMZN,MU,ISRG,ADBE",30%
2018-04-30,2018-05-01,True,87,26,"NVDA,NFLX,MU,ALGN,ADBE,PYPL,AMZN,MELI,TTWO,ASML",30%
2018-05-31,2018-06-01,True,87,26,"NFLX,ALGN,AMZN,ADBE,NVDA,MU,WYNN,INTC,CSCO,ISRG",30%
2018-06-30,2018-07-02,True,87,26,"NFLX,ALGN,MU,ADBE,NVDA,AMZN,INTC,ILMN,INTU,PYPL",30%
2018-07-31,2018-08-01,True,88,26,"NFLX,ALGN,MU,STX,AMZN,ADBE,ILMN,ROST,ISRG,INTU",30%
2018-08-31,2018-09-04,True,88,26,"ALGN,NFLX,AMZN,STX,MU,ILMN,ADBE,IDXX,ORLY,CTAS",30%
2018-09-30,2018-10-01,True,88,26,"AMZN,ALGN,NFLX,ILMN,ADBE,STX,IDXX,ISRG,NVDA,INTU",30%
2018-10-31,2018-11-01,True,88,26,"NFLX,AMZN,ILMN,ORLY,ALGN,ROST,ESRX,ADBE,ISRG,INTU",30%
2018-11-30,2018-12-03,True,89,26,"NFLX,ESRX,AMZN,ORLY,IDXX,ADBE,INTU,ILMN,ROST,ISRG",30%
2018-12-31,2019-01-02,True,90,27,"AMD,LULU,WDAY,ILMN,NFLX,ISRG,AMZN,ORLY,UAL,ADBE",30%
2019-01-31,2019-02-01,False,0,0,,30%
2019-02-28,2019-03-01,True,90,27,"AMD,LULU,VRSN,ULTA,WDAY,ORLY,REGN,INTU,UAL,ADSK",30%
2019-03-31,2019-04-01,True,90,27,"AMD,LULU,WDAY,CDNS,ULTA,ORLY,VRSN,INTU,ADP,ISRG",30%
2019-04-30,2019-05-01,True,90,27,"AMD,LULU,CDNS,VRSN,WDAY,ORLY,MELI,INTU,PYPL,ULTA",30%
2019-05-31,2019-06-03,True,90,27,"AMD,LULU,MELI,CDNS,WDAY,QCOM,VRSN,CMCSA,CHTR,ULTA",30%
2019-06-30,2019-07-01,True,90,27,"MELI,AMD,WDAY,SBUX,CDNS,ULTA,VRSN,SNPS,ORLY,LULU",30%
2019-07-31,2019-08-01,True,90,27,"MELI,WDAY,AMD,SBUX,CDNS,LULU,VRSN,SNPS,ULTA,PYPL",30%
2019-08-31,2019-09-03,True,90,27,"MELI,SBUX,CDNS,AVGO,WTW,ULTA,VRSN,SNPS,WDAY,MDLZ",30%
2019-09-30,2019-10-01,True,90,27,"MELI,SBUX,CDNS,KLAC,SNPS,WTW,LRCX,XEL,CTAS,VRSK",30%
2019-10-31,2019-11-01,True,90,27,"KLAC,MELI,LRCX,AMD,AMAT,SBUX,SNPS,CTAS,CDNS,NXPI",30%
2019-11-30,2019-12-02,True,91,27,"LRCX,KLAC,AMD,ASML,LULU,MELI,AMAT,SNPS,JD,CDNS",30%
2019-12-31,2020-01-02,True,90,27,"AMD,LRCX,MELI,KLAC,CPRT,LULU,CSGP,AMAT,ASML,AAPL",30%
2020-01-31,2020-02-03,True,90,27,"AMD,QCOM,CPRT,AAPL,LRCX,CDW,ASML,KLAC,SWKS,NVDA",30%
2020-02-29,2020-03-02,True,90,27,"TSLA,AMD,AAPL,LRCX,CPRT,QCOM,LULU,ASML,NVDA,MSFT",30%
2020-03-31,2020-04-01,True,92,27,"TSLA,AMD,LRCX,NVDA,ASML,AMAT,AAPL,CSGP,CHTR,QCOM",30%
2020-04-30,2020-05-01,True,92,27,"DXCM,TSLA,ZM,AMD,NVDA,REGN,VRTX,BIIB,JD,AAPL",30%
2020-05-31,2020-06-01,True,92,27,"TSLA,DXCM,NVDA,AMD,REGN,ZM,AAPL,JD,KLAC,SWKS",30%
2020-06-30,2020-07-01,True,92,27,"TSLA,DOCU,DXCM,NVDA,ZM,REGN,JD,AMD,LULU,AAPL",30%
2020-07-31,2020-08-03,True,92,27,"MRNA,TSLA,DOCU,ZM,DXCM,NVDA,REGN,JD,NTES,VRTX",30%
2020-08-31,2020-09-01,True,92,27,"TSLA,MRNA,DOCU,PDD,ZM,NVDA,DXCM,AMD,REGN,JD",30%
2020-09-30,2020-10-01,True,92,27,"TSLA,ZM,MRNA,DOCU,AMD,NVDA,DXCM,JD,PDD,AAPL",30%
2020-10-31,2020-11-02,True,92,27,"TSLA,ZM,MRNA,DOCU,NVDA,DXCM,JD,AMD,MELI,PYPL",30%
2020-11-30,2020-12-01,True,92,27,"ZM,TSLA,MRNA,DOCU,PDD,JD,NVDA,MELI,AMD,PYPL",30%
2020-12-31,2021-01-04,True,92,27,"MRNA,ZM,TSLA,PTON,PDD,DOCU,MELI,JD,NVDA,OKTA",30%
2021-01-31,2021-02-01,True,92,27,"TSLA,MRNA,PDD,PTON,ZM,DOCU,MELI,JD,NVDA,ALGN",30%
2021-02-28,2021-03-01,True,92,27,"MRNA,TSLA,PTON,PDD,ZM,MELI,DOCU,MRVL,ALGN,JD",30%
2021-03-31,2021-04-01,True,92,27,"TSLA,MRNA,PDD,PTON,MELI,ALGN,BIDU,PYPL,AMAT,ZM",30%
2021-04-30,2021-05-03,True,92,27,"TSLA,PTON,MRNA,PDD,AMAT,MELI,ALGN,ZM,LRCX,BIDU",30%
2021-05-31,2021-06-01,True,92,27,"TSLA,MRNA,ALGN,AMAT,PTON,LRCX,NXPI,PDD,ASML,BIDU",30%
2021-06-30,2021-07-01,True,92,27,"TSLA,MRNA,AMAT,ALGN,LRCX,PTON,NXPI,ASML,NVDA,GOOG",30%
2021-07-31,2021-08-02,True,93,27,"MRNA,TSLA,AMAT,ALGN,ASML,NVDA,PTON,NXPI,LRCX,BIDU",30%
2021-08-31,2021-09-01,True,94,28,"MRNA,ALGN,AMAT,ASML,CRWD,LRCX,IDXX,KLAC,MU,TEAM",30%
2021-09-30,2021-10-01,True,94,28,"MRNA,AMAT,ASML,ALGN,CRWD,TEAM,GOOG,GOOGL,LRCX,KLAC",30%
2021-10-31,2021-11-01,True,94,28,"MRNA,AMAT,ASML,TEAM,TSLA,CRWD,INTU,KLAC,DXCM,LRCX",30%
2021-11-30,2021-12-01,True,94,28,"MRNA,TEAM,TSLA,DXCM,NVDA,ASML,CRWD,INTU,GOOGL,GOOG",30%
2021-12-31,2022-01-03,True,94,28,"LCID,MRNA,NVDA,FTNT,DDOG,ZS,AMD,INTU,AMAT,ASML",30%
2022-01-31,2022-02-01,True,94,28,"FTNT,NVDA,ODFL,INTU,DDOG,MRVL,AMD,LCID,ORLY,TEAM",30%
2022-02-28,2022-03-01,True,95,28,"NVDA,FTNT,EXC,COST,DDOG,MRVL,ORLY,AAPL,PANW,INTU",30%
2022-03-31,2022-04-01,True,95,28,"DDOG,FTNT,PANW,NVDA,AMD,COST,TEAM,EXC,MRVL,ZS",30%
2022-04-30,2022-05-02,True,95,28,"NVDA,DDOG,PANW,FTNT,MRVL,COST,EXC,TSLA,REGN,PAYX",30%
2022-05-31,2022-06-01,False,0,0,,30%
2022-06-30,2022-07-01,False,0,0,,30%
2022-07-31,2022-08-01,False,0,0,,30%
2022-08-31,2022-09-01,False,0,0,,30%
2022-09-30,2022-10-03,False,0,0,,30%
2022-10-31,2022-11-01,False,0,0,,30%
2022-11-30,2022-12-01,False,0,0,,30%
2022-12-31,2023-01-03,False,0,0,,30%
2023-01-31,2023-02-01,False,0,0,,30%
2023-02-28,2023-03-01,False,0,0,,30%
2023-03-31,2023-04-03,False,0,0,,30%
2023-04-30,2023-05-01,True,96,28,"NFLX,PDD,NVDA,GILD,SBUX,ORLY,CDNS,GFS,PCAR,MELI",30%
2023-05-31,2023-06-01,True,96,28,"NFLX,DXCM,MELI,BIIB,NVDA,SBUX,ORLY,CPRT,CDNS,PDD",30%
2023-06-30,2023-07-03,True,96,28,"NVDA,NFLX,MELI,AVGO,ON,META,CPRT,DXCM,AMD,CDNS",30%
2023-07-31,2023-08-01,True,97,29,"NVDA,NFLX,META,TTD,AVGO,DXCM,PANW,ISRG,WDAY,MELI",30%
2023-08-31,2023-09-01,True,97,29,"NVDA,NFLX,META,AVGO,LRCX,AMAT,FTNT,IDXX,BKNG,ISRG",30%
2023-09-30,2023-10-02,True,97,29,"NVDA,META,AVGO,ADBE,LRCX,BKNG,AMAT,NFLX,ALGN,BKR",30%
2023-10-31,2023-11-01,True,97,29,"NVDA,META,AVGO,PDD,AMD,BKNG,ADBE,AMAT,ALGN,LRCX",30%
2023-11-30,2023-12-01,True,97,29,"META,NVDA,AVGO,ADBE,CRWD,PANW,CDNS,SNPS,AMZN,TEAM",30%
2023-12-31,2024-01-02,True,98,29,"NVDA,META,CRWD,PANW,MDB,TSLA,DASH,MELI,AMD,ADBE",30%
2024-01-31,2024-02-01,True,98,29,"NVDA,CRWD,META,AMD,AVGO,MDB,PANW,INTC,ZS,DASH",30%
2024-02-29,2024-03-01,True,98,29,"NVDA,CRWD,META,AMD,AVGO,MDB,ADBE,DASH,PANW,ZS",30%
2024-03-31,2024-04-01,True,99,29,"NVDA,CRWD,META,CEG,ZS,AVGO,AMD,DASH,MDB,DDOG",30%
2024-04-30,2024-05-01,True,99,29,"NVDA,CRWD,CEG,DASH,AVGO,ZS,META,AMD,LRCX,MU",30%
2024-05-31,2024-06-03,True,99,29,"NVDA,CEG,DASH,PDD,CRWD,MU,FANG,AVGO,META,PCAR",30%
2024-06-30,2024-07-01,True,98,29,"NVDA,CEG,PDD,CRWD,MU,QCOM,META,FANG,KLAC,AVGO",30%
2024-07-31,2024-08-01,True,99,29,"NVDA,SMCI,CRWD,CEG,MU,AVGO,KLAC,META,AMAT,COST",30%
2024-08-31,2024-09-03,True,99,29,"SMCI,NVDA,CEG,AVGO,KLAC,META,QCOM,MU,COST,CTAS",30%
2024-09-30,2024-10-01,True,100,30,"NVDA,ARM,AVGO,NFLX,CEG,KLAC,META,CTAS,ISRG,CRWD",30%
2024-10-31,2024-11-01,True,100,30,"NVDA,ARM,CEG,AVGO,META,DASH,ISRG,SMCI,NFLX,AMD",30%
2024-11-30,2024-12-02,True,100,30,"APP,NVDA,ARM,CEG,AVGO,META,TTD,DASH,ISRG,NFLX",30%
2024-12-31,2025-01-02,True,100,30,"APP,MSTR,PLTR,NVDA,AXON,CEG,DASH,NFLX,ARM,TTD",30%
2025-01-31,2025-02-03,True,100,30,"APP,MSTR,PLTR,AXON,NVDA,TSLA,AVGO,CEG,ARM,TTD",30%
2025-02-28,2025-03-03,True,100,30,"APP,PLTR,MSTR,AXON,TSLA,CEG,AVGO,NFLX,BKR,MRVL",30%
2025-03-31,2025-04-01,True,100,30,"APP,PLTR,AXON,TMUS,TSLA,NFLX,GILD,FTNT,AVGO,MSTR",30%
2025-04-30,2025-05-01,True,100,30,"PLTR,APP,MSTR,GILD,NFLX,AXON,TMUS,FTNT,WBD,TTWO",30%
2025-05-31,2025-06-02,True,100,30,"PLTR,APP,MSTR,AXON,NFLX,DASH,FTNT,GILD,SHOP,TSLA",30%
2025-06-30,2025-07-01,True,100,30,"PLTR,APP,MSTR,AXON,DASH,NFLX,TSLA,FTNT,GILD,SHOP",30%
2025-07-31,2025-08-01,True,101,30,"PLTR,APP,AXON,MSTR,DASH,CRWD,NFLX,SHOP,FTNT,ZS",30%
2025-08-31,2025-09-02,True,101,30,"PLTR,APP,MSTR,AXON,DASH,AVGO,CEG,WBD,NFLX,SHOP",30%
2025-09-30,2025-10-01,True,101,30,"PLTR,APP,MSTR,AXON,SHOP,AVGO,DASH,NFLX,ZS,TTWO",30%
2025-10-31,2025-11-03,True,101,30,"PLTR,APP,WBD,AVGO,SHOP,LRCX,TSLA,DASH,AXON,MU",30%
2025-11-30,2025-12-01,True,101,30,"PLTR,AVGO,MU,LRCX,WBD,APP,KLAC,AMD,GOOGL,INTC",30%
2025-12-31,2026-01-02,True,101,30,"WDC,STX,INSM,MU,WBD,PLTR,LRCX,INTC,ALNY,KLAC",30%
2026-01-31,2026-02-02,True,101,30,"WDC,MU,STX,WBD,INSM,PLTR,LRCX,INTC,AMD,APP",30%
2026-02-28,2026-03-02,True,101,30,"WDC,MU,STX,LRCX,WBD,AMD,AMAT,KLAC,ASML,GOOGL",30%
